genres,danceability,energy,speechiness,acousticness,instrumentalness,liveness,valence,popularity,duration_min,collab,key,mode,explicit,available_markets,tempo,loudness
detroit hip hop,0.8006842105263159,0.7857368421052632,0.2204631578947369,0.1552463157894737,4.4526315789473686e-05,0.2728052631578947,0.5526,0.7863157894736843,4.578947368421051,0.6842105263157895,7,1,1,1.0,7,6
merseybeat,0.5130999999999999,0.4955999999999999,0.035740000000000015,0.40033,0.025051564,0.11813,0.5211,0.7699999999999999,3.1,0.5,9,1,0,1.0,5,5
australian rock,0.5186999999999999,0.8504999999999999,0.10178999999999999,0.057967399999999995,0.018539700000000003,0.20841000000000004,0.5151,0.7609999999999999,4.3,0.5,9,1,0,1.0,7,6
reggae,0.7968,0.502,0.18144,0.17159299999999994,0.002397533,0.1562,0.7081999999999999,0.7440000000000001,4.2,0.5,9,1,0,1.0,6,5
r&b,0.8193999999999999,0.7251,0.06347999999999998,0.20921,0.054571787,0.16699000000000006,0.6687,0.74,4.6,0.5,11,1,0,1.0,6,6
glam metal,0.3818,0.7735000000000001,0.06364999999999997,0.09529800000000001,0.13329270000000001,0.1793,0.34850000000000003,0.722,6.1,0.5,11,1,0,1.0,6,5
oxford indie,0.3839,0.49700000000000005,0.037190000000000015,0.22140000000000004,0.10460532,0.11875,0.24843,0.7020000000000002,4.4,0.5,7,1,0,1.0,4,5
yacht rock,0.5451999999999999,0.5583000000000002,0.033159999999999995,0.26327399999999995,0.011397935,0.19425,0.6454,0.7000000000000001,5.2,0.5,7,1,0,1.0,7,5
grunge,0.4824000000000001,0.7434000000000001,0.0639,0.16492775,0.003563380000000001,0.23101,0.5052,0.7,4.1,0.5,1,1,0,1.0,6,5
heartland rock,0.5579666666666666,0.6263333333333334,0.03483,0.19327446666666662,0.030031643666666663,0.19147000000000003,0.6553666666666667,0.6803333333333335,4.366666666666667,0.5,7,1,0,1.0,7,5
irish rock,0.4990000000000001,0.7278000000000001,0.04094,0.112065,0.036612380000000014,0.21904,0.4727,0.6779999999999999,4.5,0.5,2,1,0,1.0,7,5
acid rock,0.4672,0.697,0.08071500000000001,0.265922,0.06535668749999997,0.161345,0.58741,0.6755,4.199999999999999,0.5,9,1,0,1.0,6,5
baroque pop,0.507,0.6203000000000001,0.03441,0.34579000000000004,0.0005437760000000002,0.13135,0.7391,0.6719999999999999,2.9,0.5,6,1,0,1.0,6,5
glam rock,0.5727894736842105,0.6230128229665072,0.05330104306220096,0.28478273110047847,0.047848270615311,0.16459708133971296,0.5878387559808612,0.6682181818181819,4.258660287081339,0.5105263157894736,0,1,0,1.0,6,5
g funk,0.7822032163742692,0.7515906432748538,0.20373435672514623,0.12942426900584797,0.0003376934356725147,0.24221374269005846,0.5964944444444444,0.662046783625731,4.511695906432749,0.6476608187134503,7,1,1,0.8,7,6
speed metal,0.5003,0.7868999999999998,0.07141000000000003,0.011129636000000002,0.07334250199999999,0.13476999999999995,0.39799999999999996,0.6579999999999999,6.3,0.5,7,1,0,0.0,7,5
thrash metal,0.5003,0.7868999999999998,0.07141000000000003,0.011129636000000002,0.07334250199999999,0.13476999999999995,0.39799999999999996,0.6579999999999999,6.3,0.5,7,1,0,0.0,7,5
old school thrash,0.5003,0.7868999999999998,0.07141000000000003,0.011129636000000002,0.07334250199999999,0.13476999999999995,0.39799999999999996,0.6579999999999999,6.3,0.5,7,1,0,0.0,7,5
southern rock,0.5118000000000001,0.6232333333333333,0.04017666666666667,0.22482466666666667,0.10383389133333336,0.18056333333333333,0.6953666666666667,0.655,4.733333333333333,0.5,4,1,0,1.0,7,5
classic canadian rock,0.5971764705882352,0.3923529411764706,0.03313529411764705,0.3693983529411764,0.01638098823529412,0.22097058823529409,0.508235294117647,0.65,4.705882352941177,0.5882352941176471,4,0,0,1.0,7,5
melancholia,0.475725,0.5107333333333334,0.03977833333333334,0.35294108333333335,0.10212570524999999,0.157775,0.4884408333333333,0.6496666666666668,4.366666666666667,0.5416666666666666,7,1,0,1.0,7,5
album rock,0.5180248192852899,0.6121061551650963,0.054463127964295775,0.2682784824756329,0.07827465529433923,0.18054530208944825,0.5825560101698095,0.6487282144755829,4.4955818423063,0.5118836306452406,9,1,0,1.0,7,5
british invasion,0.5252399999999999,0.66694,0.04905400000000001,0.2932964,0.0815864618,0.125716,0.59006,0.6479999999999999,3.5799999999999996,0.5,9,1,0,1.0,7,5
rock,0.5159599180088343,0.6248827755176826,0.05706011111065291,0.2700455539927386,0.07200528795671778,0.1799894290659461,0.561801905869042,0.6386812700543352,4.314947528105423,0.5148741007874136,9,1,0,1.0,6,5
latin hip hop,0.6772,0.6662000000000001,0.06187,0.0794,0.00898412,0.263,0.6232,0.638,5.1,0.5,11,1,0,1.0,6,5
latin pop,0.6772,0.6662000000000001,0.06187,0.0794,0.00898412,0.263,0.6232,0.638,5.1,0.5,11,1,0,1.0,6,5
tropical,0.6772,0.6662000000000001,0.06187,0.0794,0.00898412,0.263,0.6232,0.638,5.1,0.5,11,1,0,1.0,6,5
reggaeton,0.6772,0.6662000000000001,0.06187,0.0794,0.00898412,0.263,0.6232,0.638,5.1,0.5,11,1,0,1.0,6,5
bachata,0.6772,0.6662000000000001,0.06187,0.0794,0.00898412,0.263,0.6232,0.638,5.1,0.5,11,1,0,1.0,6,5
latin,0.6772,0.6662000000000001,0.06187,0.0794,0.00898412,0.263,0.6232,0.638,5.1,0.5,11,1,0,1.0,6,5
mexican classic rock,0.6342666666666668,0.5853333333333334,0.055720000000000006,0.3012733333333333,0.17899784866666665,0.12157333333333332,0.6486666666666667,0.6346666666666666,4.0,0.6666666666666666,2,1,0,1.0,6,5
canadian singer-songwriter,0.5601882352941175,0.33872647058823535,0.03398264705882352,0.5973491764705883,0.00827235961764706,0.19482029411764706,0.5184676470588234,0.633,4.452941176470588,0.5441176470588236,6,1,0,1.0,7,5
hard rock,0.4527212121212122,0.6886117715617716,0.0642496114996115,0.18396136273815072,0.09992889816938616,0.18271811188811188,0.5299809634809635,0.6327264957264956,4.8492618492618496,0.5042735042735043,9,1,0,1.0,7,5
soft rock,0.5834161355770379,0.561195059076262,0.04627549628038351,0.3151361673787643,0.04496207076520667,0.17810910251820025,0.6117089947089946,0.6310788479134343,4.163376695707522,0.5119544893980984,2,1,0,1.0,5,5
post-grunge,0.4851,0.6939500000000001,0.059054999999999996,0.21988467500000003,0.16681459,0.234375,0.38385499999999995,0.6305,5.15,0.5,1,1,0,1.0,7,5
permanent wave,0.5420603921568627,0.6499718835412954,0.0543676019013666,0.18781540120617943,0.06382985934545454,0.17664872370766493,0.5967220118835411,0.6275250148544267,4.211717171717171,0.5228758169934641,2,1,0,1.0,7,5
piano rock,0.5282263157894737,0.6727017543859649,0.052760877192982454,0.3925749122807018,0.006164539982456141,0.20274368421052635,0.6969733333333333,0.6275087719298246,4.126315789473684,0.5087719298245613,0,1,0,1.0,7,5
metal,0.4294,0.6660249999999999,0.06153000000000002,0.093433078,0.095576626,0.12710499999999997,0.4052,0.623,5.9,0.5,7,1,0,0.0,7,5
alternative rock,0.5015857142857143,0.6641761904761906,0.07605333333333332,0.21091112619047617,0.1362656754285714,0.19220428571428574,0.476224761904762,0.6223809523809524,4.438095238095237,0.5238095238095238,7,1,0,1.0,7,5
northern soul,0.6239523809523811,0.5844761904761905,0.04291904761904762,0.2410761904761904,0.08080658380952381,0.13165714285714286,0.6944761904761905,0.6209523809523809,3.6190476190476186,0.5714285714285714,3,1,0,1.0,6,5
pop rock,0.56888,0.5451555555555556,0.03475333333333333,0.37630700888888885,0.014668844422222221,0.18386422222222226,0.6261999999999999,0.6208888888888889,4.264444444444444,0.5222222222222221,9,1,0,1.0,7,5
singer-songwriter,0.5551085972850678,0.46666992140985947,0.03859189568944987,0.4081951972136224,0.013332699089068827,0.1716275589426054,0.5601837104072398,0.6194108120981187,4.130364372469635,0.5332221957608954,7,1,0,1.0,7,5
classic rock,0.5359486812793521,0.5880619798257777,0.05362603321881649,0.324239125936755,0.07159455806872926,0.17961570806695887,0.6180485269531525,0.6189319932828705,4.1338417642442415,0.5168192267160276,9,1,0,1.0,6,5
mellow gold,0.5608030863222482,0.5321970439052813,0.04335041470974355,0.3728139971139333,0.0394828792693042,0.1800946136875803,0.5974698400412796,0.6167465933741917,4.1262411982336795,0.515641344257001,7,1,0,1.0,5,5
lilith,0.5231999999999999,0.2851,0.03483,0.8253,0.000163731,0.16867000000000004,0.5287,0.616,4.2,0.5,6,1,0,1.0,4,5
canadian folk,0.5231999999999999,0.2851,0.03483,0.8253,0.000163731,0.16867000000000004,0.5287,0.616,4.2,0.5,6,1,0,1.0,4,5
pop,0.71635,0.7164694444444445,0.05264222222222222,0.22118083333333333,0.023403394388888887,0.1721752777777778,0.6732722222222223,0.6116666666666667,4.691666666666666,0.5416666666666667,9,1,0,1.0,6,5
europop,0.6477000000000002,0.6871,0.04326,0.199265,0.011744305,0.16905,0.6121000000000001,0.61,4.5,0.5,8,1,0,1.0,5,5
sunshine pop,0.54135,0.5156499999999999,0.03425500000000001,0.505595,0.0004646415000000001,0.154545,0.7031499999999999,0.6099999999999999,2.45,0.5,7,1,0,1.0,6,5
roots rock,0.5518404213859457,0.5258710516700958,0.041608554698767376,0.3793446277349383,0.05533395249438813,0.1760612230704639,0.602661834253152,0.6086976071893287,3.9362427808652063,0.5130665538526624,7,1,0,1.0,6,5
jam band,0.55005,0.5605,0.03602,0.376575,0.122464872,0.23755500000000004,0.73245,0.608,5.1,0.5,11,1,0,1.0,6,5
progressive rock,0.4733833333333334,0.5073333333333334,0.0629161111111111,0.2859788888888889,0.24014125555555557,0.24204500000000007,0.5114294444444446,0.6042222222222222,5.611111111111111,0.5277777777777778,11,1,0,0.6,6,5
rap,0.7838279532163742,0.7536907017543861,0.2206569649122807,0.08845607426900583,0.0046379621187134495,0.21571860818713445,0.6487455555555555,0.6024964912280701,4.258011695906432,0.5701754385964912,11,1,0,1.0,5,5
psychedelic rock,0.49837805297557614,0.5878123151014792,0.05360124871001032,0.31794409380804955,0.11381831884864117,0.201014520123839,0.5917249019607844,0.6005641554867559,4.141486068111455,0.5178878568971447,9,1,0,1.0,6,5
soul blues,0.5719593301435407,0.4081510765550239,0.06919046650717703,0.5646013875598086,0.01950961979784689,0.19812099282296652,0.5677395933014353,0.5986315789473684,3.5532296650717705,0.506578947368421,7,1,0,1.0,5,5
art rock,0.5307837826797386,0.5895293597742127,0.053681795900178256,0.26011513636363637,0.09253802319110219,0.18161126671122993,0.5699603052584671,0.5985269236482471,4.200200534759358,0.522875816993464,0,1,0,1.0,7,5
protopunk,0.5301074074074074,0.6828141414141415,0.055436576879910215,0.22508166588103254,0.11146298103254769,0.1701165656565657,0.6093661054994388,0.5983557800224467,4.510886644219977,0.5246913580246914,9,1,0,1.0,7,5
hip hop,0.7870251461988303,0.7483876218323587,0.22095626705653024,0.08507999707602337,0.003917807145224171,0.21198402534113062,0.6553537037037037,0.5969785575048733,4.302046783625731,0.567738791423002,11,1,1,1.0,5,5
folk,0.5265786764705882,0.41132979876160997,0.03857607585139319,0.5067796052631579,0.009186866957430342,0.16316725232198143,0.5396066950464397,0.5946068111455108,3.8183436532507735,0.517608359133127,7,1,0,1.0,4,5
neo mellow,0.601,0.5958888888888889,0.03913333333333333,0.3285222222222222,0.0008050105555555553,0.1957555555555556,0.6895,0.5922222222222223,4.611111111111111,0.5555555555555556,9,1,0,1.0,7,5
indietronica,0.601,0.5958888888888889,0.03913333333333333,0.3285222222222222,0.0008050105555555553,0.1957555555555556,0.6895,0.5922222222222223,4.611111111111111,0.5555555555555556,9,1,0,1.0,7,5
indiecoustica,0.601,0.5958888888888889,0.03913333333333333,0.3285222222222222,0.0008050105555555553,0.1957555555555556,0.6895,0.5922222222222223,4.611111111111111,0.5555555555555556,9,1,0,1.0,7,5
indie poptimism,0.601,0.5958888888888889,0.03913333333333333,0.3285222222222222,0.0008050105555555553,0.1957555555555556,0.6895,0.5922222222222223,4.611111111111111,0.5555555555555556,9,1,0,1.0,7,5
indie pop,0.601,0.5958888888888889,0.03913333333333333,0.3285222222222222,0.0008050105555555553,0.1957555555555556,0.6895,0.5922222222222223,4.611111111111111,0.5555555555555556,9,1,0,1.0,7,5
hopebeat,0.601,0.5958888888888889,0.03913333333333333,0.3285222222222222,0.0008050105555555553,0.1957555555555556,0.6895,0.5922222222222223,4.611111111111111,0.5555555555555556,9,1,0,1.0,7,5
modern alternative rock,0.601,0.5958888888888889,0.03913333333333333,0.3285222222222222,0.0008050105555555553,0.1957555555555556,0.6895,0.5922222222222223,4.611111111111111,0.5555555555555556,9,1,0,1.0,7,5
modern rock,0.601,0.5958888888888889,0.03913333333333333,0.3285222222222222,0.0008050105555555553,0.1957555555555556,0.6895,0.5922222222222223,4.611111111111111,0.5555555555555556,9,1,0,1.0,7,5
electropop,0.601,0.5958888888888889,0.03913333333333333,0.3285222222222222,0.0008050105555555553,0.1957555555555556,0.6895,0.5922222222222223,4.611111111111111,0.5555555555555556,9,1,0,1.0,7,5
memphis soul,0.6598527272727273,0.4512445454545455,0.05796163636363636,0.40463063636363633,0.16118516609090908,0.15367563636363638,0.6639727272727273,0.592,3.4236363636363634,0.5,10,1,0,1.0,6,5
torch song,0.4207,0.3869,0.04407,0.6742999999999999,0.0014454390000000002,0.33985,0.456,0.591,3.6,0.5,2,0,0,1.0,4,5
country rock,0.5312593301435408,0.5400569377990432,0.038171004784688996,0.34409627224880385,0.06182972615311005,0.1820353110047847,0.6435028708133972,0.5891531100478469,4.122966507177034,0.5119617224880382,7,1,0,1.0,6,5
stoner rock,0.3585,0.5451499999999999,0.051650000000000015,0.17573652,0.11781075,0.11944,0.4124,0.5880000000000001,5.5,0.5,9,1,0,0.0,7,5
uk doom metal,0.3585,0.5451499999999999,0.051650000000000015,0.17573652,0.11781075,0.11944,0.4124,0.5880000000000001,5.5,0.5,9,1,0,0.0,7,5
birmingham metal,0.3585,0.5451499999999999,0.051650000000000015,0.17573652,0.11781075,0.11944,0.4124,0.5880000000000001,5.5,0.5,9,1,0,0.0,7,5
folk rock,0.5454656983781165,0.5222277593038515,0.0436085080711947,0.4272769320121292,0.0445822240244238,0.17598474142873521,0.6255925186968875,0.5875789728496987,3.6897972964364434,0.5134477442698977,7,1,0,1.0,6,5
arkansas country,0.6176999999999999,0.4859,0.08109,0.5199699999999999,0.06834203999999999,0.3625300000000001,0.6476000000000001,0.5875,3.4,0.6,0,1,0,1.0,6,5
dance rock,0.5883699346405229,0.670399108734403,0.061652822341057636,0.19045709797979798,0.072197165771836,0.16071891859774212,0.656203505644682,0.5870231729055257,4.133689839572193,0.5098039215686274,2,1,0,1.0,7,5
vocal jazz,0.46358684210526324,0.41476578947368414,0.06472184210526315,0.7171236842105262,0.0007692868684210528,0.2631328947368421,0.5074473684210526,0.5807631578947368,3.7473684210526317,0.513157894736842,2,1,0,1.0,4,5
new wave,0.5987750000000001,0.7015500000000001,0.06462999999999999,0.15818517499999998,0.14012792624999998,0.1646975,0.6664749999999999,0.57675,4.3,0.5,2,1,0,1.0,7,5
jazz,0.496578947368421,0.1956842105263158,0.03862631578947368,0.7395526315789475,0.11373431578947367,0.14356842105263154,0.3307894736842106,0.5721052631578948,7.263157894736842,0.5263157894736842,2,0,0,1.0,6,5
contemporary post-bop,0.496578947368421,0.1956842105263158,0.03862631578947368,0.7395526315789475,0.11373431578947367,0.14356842105263154,0.3307894736842106,0.5721052631578948,7.263157894736842,0.5263157894736842,2,0,0,1.0,6,5
jazz trumpet,0.496578947368421,0.1956842105263158,0.03862631578947368,0.7395526315789475,0.11373431578947367,0.14356842105263154,0.3307894736842106,0.5721052631578948,7.263157894736842,0.5263157894736842,2,0,0,1.0,6,5
cool jazz,0.496578947368421,0.1956842105263158,0.03862631578947368,0.7395526315789475,0.11373431578947367,0.14356842105263154,0.3307894736842106,0.5721052631578948,7.263157894736842,0.5263157894736842,2,0,0,1.0,6,5
bebop,0.496578947368421,0.1956842105263158,0.03862631578947368,0.7395526315789475,0.11373431578947367,0.14356842105263154,0.3307894736842106,0.5721052631578948,7.263157894736842,0.5263157894736842,2,0,0,1.0,6,5
hard bop,0.496578947368421,0.1956842105263158,0.03862631578947368,0.7395526315789475,0.11373431578947367,0.14356842105263154,0.3307894736842106,0.5721052631578948,7.263157894736842,0.5263157894736842,2,0,0,1.0,6,5
west coast rap,0.8030111111111111,0.7218722222222222,0.22245277777777783,0.0681996111111111,0.00031703227777777785,0.19331111111111113,0.6883944444444444,0.5693888888888888,4.522222222222222,0.5555555555555556,1,1,1,0.8,5,5
skate punk,0.4828,0.8683,0.08161000000000003,0.045753899999999986,0.11131369100000003,0.11756000000000005,0.8154,0.5660000000000001,2.9,0.5,9,1,0,1.0,9,6
early us punk,0.4828,0.8683,0.08161000000000003,0.045753899999999986,0.11131369100000003,0.11756000000000005,0.8154,0.5660000000000001,2.9,0.5,9,1,0,1.0,9,6
old school hip hop,0.789436111111111,0.7467861111111112,0.2295672222222222,0.06290786111111107,0.005707863999999999,0.19686916666666665,0.6847833333333333,0.5644444444444444,4.197222222222222,0.5277777777777778,11,1,0,1.0,5,5
industrial rock,0.4877999999999999,0.6445000000000001,0.05421,0.2748416000000001,0.3300658,0.23774,0.26250999999999997,0.5609999999999999,6.2,0.5,0,1,0,1.0,7,5
industrial metal,0.4877999999999999,0.6445000000000001,0.05421,0.2748416000000001,0.3300658,0.23774,0.26250999999999997,0.5609999999999999,6.2,0.5,0,1,0,1.0,7,5
electronic rock,0.4877999999999999,0.6445000000000001,0.05421,0.2748416000000001,0.3300658,0.23774,0.26250999999999997,0.5609999999999999,6.2,0.5,0,1,0,1.0,7,5
cyberpunk,0.4877999999999999,0.6445000000000001,0.05421,0.2748416000000001,0.3300658,0.23774,0.26250999999999997,0.5609999999999999,6.2,0.5,0,1,0,1.0,7,5
alternative metal,0.4877999999999999,0.6445000000000001,0.05421,0.2748416000000001,0.3300658,0.23774,0.26250999999999997,0.5609999999999999,6.2,0.5,0,1,0,1.0,7,5
nu metal,0.4877999999999999,0.6445000000000001,0.05421,0.2748416000000001,0.3300658,0.23774,0.26250999999999997,0.5609999999999999,6.2,0.5,0,1,0,1.0,7,5
industrial,0.4877999999999999,0.6445000000000001,0.05421,0.2748416000000001,0.3300658,0.23774,0.26250999999999997,0.5609999999999999,6.2,0.5,0,1,0,1.0,7,5
symphonic rock,0.4457533333333334,0.5303333333333333,0.05635844444444443,0.26514035555555554,0.24808864902222222,0.19140000000000004,0.4901657777777778,0.5606888888888888,4.484444444444445,0.5111111111111111,11,1,0,1.0,6,5
art punk,0.6182500000000001,0.7139,0.071145,0.13860899999999998,0.038895095,0.16669,0.7303,0.56,4.5,0.5,2,1,0,1.0,7,5
zolo,0.6130833333333334,0.6973333333333334,0.06180111111111111,0.17085088888888889,0.12983359055555554,0.21803500000000003,0.7695444444444446,0.5592222222222223,4.761111111111111,0.5277777777777778,2,1,0,1.0,6,5
classic uk pop,0.6001000000000001,0.6649,0.049400000000000006,0.25054499999999996,0.11731724,0.14641000000000004,0.6338,0.5589999999999999,4.6,0.5,0,1,0,1.0,7,5
new romantic,0.6001000000000001,0.6649,0.049400000000000006,0.25054499999999996,0.11731724,0.14641000000000004,0.6338,0.5589999999999999,4.6,0.5,0,1,0,1.0,7,5
dance pop,0.7225,0.7724444444444445,0.053977777777777784,0.17349555555555554,0.01911839,0.16297777777777778,0.6674444444444443,0.5572222222222223,4.777777777777779,0.5555555555555556,9,1,0,0.0,6,5
supergroup,0.5008,0.5468000000000001,0.03778,0.29318,0.045529159999999985,0.28894999999999993,0.588,0.5549999999999999,4.1,0.5,0,1,0,1.0,5,5
new wave pop,0.6171098039215688,0.601921568627451,0.04615725490196079,0.25880333333333333,0.043144465588235294,0.16460039215686276,0.5993196078431373,0.5543725490196079,4.131372549019608,0.5294117647058824,1,1,0,1.0,7,5
funk rock,0.6679052631578948,0.6580771929824561,0.06515596491228069,0.26176429824561404,0.11214101543859649,0.22188228070175442,0.7137333333333333,0.5541228070175438,4.468421052631579,0.5087719298245613,10,1,0,1.0,7,5
conscious hip hop,0.7913166666666666,0.7391222222222222,0.2545722222222222,0.03148738888888887,0.0006240708888888887,0.21897777777777777,0.7004222222222221,0.5524444444444445,4.6611111111111105,0.5277777777777778,11,1,1,0.8,5,5
east coast hip hop,0.7718148148148147,0.7536148148148148,0.22012296296296294,0.07294481481481478,0.0076094173333333326,0.20415888888888886,0.6675777777777777,0.5522592592592592,4.062962962962962,0.5370370370370371,11,1,0,1.0,5,5
blues rock,0.5177984425349087,0.5930795112781956,0.061886780343716426,0.36229448000358033,0.09329535834962406,0.2061576423200859,0.6279202470461869,0.5510635517364839,3.8315968492660226,0.5241586108127462,9,1,0,1.0,6,5
adult standards,0.5587851646660512,0.5188934749153585,0.04600949215143122,0.5183163088642659,0.013493546249307478,0.19933685441674362,0.6819658048630347,0.5503200984918436,3.0874422899353644,0.510156971375808,7,1,0,1.0,6,5
gangster rap,0.7821185185185184,0.7318962962962964,0.23205,0.05552566666666666,0.0006263341111111111,0.21652592592592593,0.680411111111111,0.5475555555555555,4.588888888888889,0.5555555555555556,11,1,1,0.8,5,5
soul,0.6046479022571282,0.5827817754378023,0.060244112014041826,0.44512240620704074,0.044358280046008856,0.19794524729232468,0.7142801572955959,0.5472050059789996,3.5496961159087057,0.5142529526430456,7,1,0,1.0,6,5
outlaw country,0.6008763157894736,0.41947631578947364,0.057587105263157884,0.6746955263157893,0.034264077894736844,0.27313078947368424,0.6816684210526316,0.5432236842105262,3.2,0.5894736842105264,7,1,0,1.0,6,5
hardcore hip hop,0.8150814814814812,0.729914814814815,0.21777962962962963,0.03322048148148147,0.006461061333333333,0.2086388888888889,0.703411111111111,0.5429259259259259,4.496296296296296,0.5370370370370371,11,1,0,1.0,5,5
classic soul,0.6048932493571592,0.5270433228634357,0.05571744621293494,0.4517802939274593,0.0806687763250442,0.18039159587279888,0.6783287846238972,0.5424874089986872,3.6524921611387775,0.5128296932808211,10,1,0,1.0,6,5
funk,0.6302671909720826,0.5672662138263067,0.06095847416521101,0.3723410781391983,0.08857872527918012,0.19067808184454005,0.6867704523936101,0.5388565203859322,3.889692144800504,0.5233148230052254,10,1,0,1.0,6,5
bubblegum pop,0.56038,0.45784,0.03643400000000001,0.5928840000000001,0.013011010399999998,0.17072000000000004,0.69852,0.5386,2.54,0.5,9,1,0,1.0,6,5
southern soul,0.6361542036910457,0.47714267866636295,0.054793073593073595,0.4369886508695982,0.139227202429179,0.15746705855547963,0.6494474367737525,0.5383350041771094,3.717300827827144,0.5116959064327485,10,1,0,1.0,5,5
jazz fusion,0.5038728070175438,0.43067543859649127,0.056849269005847955,0.46916520467836265,0.1478220634502924,0.1919842105263158,0.5128391812865498,0.5357748538011697,6.242690058479532,0.5409356725146199,2,1,0,1.0,6,5
post-punk,0.57345,0.7668999999999999,0.047749999999999994,0.11158685,0.21375568499999997,0.198435,0.6837,0.535,4.199999999999999,0.5,2,1,0,1.0,7,5
jazz blues,0.5571434210526316,0.47308289473684206,0.05948842105263158,0.6322843421052631,0.00040515468421052636,0.22629894736842102,0.6084486842105263,0.5318815789473683,3.473684210526316,0.506578947368421,5,1,0,1.0,4,5
quiet storm,0.5932751879699248,0.5704190267335004,0.05115085317460317,0.37674851503759405,0.0328820371976817,0.1776235463659148,0.6892958542188805,0.5300649540517962,3.729135338345865,0.5261069340016709,7,1,0,1.0,5,5
disco,0.6235915204678363,0.6189219298245614,0.0519024074074074,0.33665613645224174,0.050496580387914235,0.17590464912280704,0.6749651072124756,0.5273352826510721,4.276413255360624,0.5136452241715399,5,1,0,1.0,5,5
traditional folk,0.5170666666666667,0.42432456140350877,0.03350105263157896,0.5212035087719298,0.004735353877192983,0.19362631578947367,0.5521631578947368,0.5244561403508773,3.7368421052631575,0.5087719298245613,7,1,0,1.0,6,5
hip house,0.8626111111111109,0.7115,0.14419444444444446,0.03668666666666666,0.01813504222222222,0.1879611111111111,0.7093888888888888,0.5238888888888888,4.166666666666667,0.5555555555555556,11,1,0,1.0,5,5
queens hip hop,0.8626111111111109,0.7115,0.14419444444444446,0.03668666666666666,0.01813504222222222,0.1879611111111111,0.7093888888888888,0.5238888888888888,4.166666666666667,0.5555555555555556,11,1,0,1.0,5,5
motown,0.6057089488426948,0.578114645273314,0.055972235449735445,0.41651257375055284,0.026846161210219172,0.21823398189100204,0.7101889028125871,0.5228031066227661,3.585600029485478,0.5247575638442511,7,1,0,1.0,6,5
electric blues,0.5329823057644111,0.5634259649122807,0.052435984962406014,0.39413133734335837,0.10855803764561403,0.22699873182957395,0.63554335839599,0.5216446115288221,3.8084711779448623,0.5243107769423558,9,1,0,1.0,5,5
punk,0.46759999999999996,0.8351250000000001,0.076335,0.06303846924999999,0.11907708774999999,0.18378250000000002,0.627075,0.52125,3.6,0.5,2,1,0,1.0,7,5
cosmic american,0.5630000000000001,0.5003578947368421,0.03473438596491229,0.3695535087719299,0.014784064877192983,0.2051329824561404,0.640563157894737,0.5191228070175439,3.903508771929824,0.5087719298245613,11,1,0,1.0,6,5
piano blues,0.5428368421052633,0.5318157894736841,0.06471684210526314,0.6602736842105262,0.045443657368421056,0.14726289473684212,0.7211973684210526,0.5147631578947367,3.0973684210526313,0.513157894736842,11,1,0,1.0,6,5
lounge,0.5779000000000001,0.5006,0.04074,0.570265,0.031903772,0.1524075,0.7746,0.50225,2.425,0.5,9,1,0,1.0,6,5
rock-and-roll,0.5603270102339181,0.5735192434210526,0.06156034173976608,0.5670785718201755,0.012498025701754387,0.21155592470760234,0.7596234649122805,0.5011209795321637,2.670065789473684,0.5098866959064328,9,1,0,1.0,6,5
rockabilly,0.5572022776238844,0.5846501385041551,0.06753456448137891,0.5533363204062788,0.014162181345337027,0.22285427208371805,0.7643433979686056,0.5007910126192675,2.607756232686981,0.5100030778701139,9,1,0,1.0,6,5
experimental rock,0.5111666666666667,0.6656666666666667,0.07507222222222222,0.1987777777777778,0.1819098111111111,0.24040000000000006,0.6948888888888891,0.4994444444444446,5.222222222222221,0.5555555555555556,9,1,0,1.0,6,5
instrumental rock,0.5111666666666667,0.6656666666666667,0.07507222222222222,0.1987777777777778,0.1819098111111111,0.24040000000000006,0.6948888888888891,0.4994444444444446,5.222222222222221,0.5555555555555556,9,1,0,1.0,6,5
experimental,0.5111666666666667,0.6656666666666667,0.07507222222222222,0.1987777777777778,0.1819098111111111,0.24040000000000006,0.6948888888888891,0.4994444444444446,5.222222222222221,0.5555555555555556,9,1,0,1.0,6,5
jazz rock,0.5111666666666667,0.6656666666666667,0.07507222222222222,0.1987777777777778,0.1819098111111111,0.24040000000000006,0.6948888888888891,0.4994444444444446,5.222222222222221,0.5555555555555556,9,1,0,1.0,6,5
country road,0.5840526315789475,0.3530526315789474,0.034084210526315786,0.8294210526315787,0.00018611578947368422,0.1837315789473684,0.7157368421052631,0.4989473684210526,3.0,0.5789473684210527,7,1,0,1.0,8,5
country,0.5840526315789475,0.3530526315789474,0.034084210526315786,0.8294210526315787,0.00018611578947368422,0.1837315789473684,0.7157368421052631,0.4989473684210526,3.0,0.5789473684210527,7,1,0,1.0,8,5
p funk,0.5253157894736842,0.6966315789473684,0.0781578947368421,0.3041978947368421,0.13581052631578944,0.2533368421052632,0.586,0.4973684210526314,5.105263157894737,0.5263157894736842,1,0,0,1.0,7,5
pub rock,0.6035294117647061,0.453764705882353,0.045811764705882364,0.3266000000000001,0.0003718517647058823,0.17834117647058825,0.5520588235294117,0.4941176470588236,3.294117647058824,0.5882352941176471,1,1,0,1.0,7,5
power pop,0.6035294117647061,0.453764705882353,0.045811764705882364,0.3266000000000001,0.0003718517647058823,0.17834117647058825,0.5520588235294117,0.4941176470588236,3.294117647058824,0.5882352941176471,1,1,0,1.0,7,5
chicago soul,0.5852999999999999,0.64345,0.061455,0.39814000000000005,0.033188669500000004,0.182465,0.763,0.482,4.15,0.5,11,1,0,1.0,7,5
brill building pop,0.5515956656346749,0.5537608187134504,0.045571465428276565,0.5284404059167526,0.07945260872273821,0.19899155830753354,0.7244647058823529,0.4617726178190575,2.6620915032679737,0.5063639490884073,7,1,0,1.0,6,5
new orleans blues,0.5792000000000002,0.621,0.04405999999999999,0.5606,0.09079418,0.10810999999999996,0.8835,0.4590000000000001,2.3,0.5,11,1,0,1.0,6,5
louisiana blues,0.5792000000000002,0.621,0.04405999999999999,0.5606,0.09079418,0.10810999999999996,0.8835,0.4590000000000001,2.3,0.5,11,1,0,1.0,6,5
doo-wop,0.5682499999999999,0.49615,0.04546000000000001,0.5352800000000001,0.0010302925,0.203015,0.7131000000000001,0.4575,2.45,0.5,7,1,0,1.0,7,5
instrumental funk,0.6757,0.36825,0.04442,0.3826850000000001,0.7231,0.13607000000000002,0.6593999999999999,0.45399999999999996,3.5,0.5,10,1,0,1.0,6,5
instrumental soul,0.6757,0.36825,0.04442,0.3826850000000001,0.7231,0.13607000000000002,0.6593999999999999,0.45399999999999996,3.5,0.5,10,1,0,1.0,6,5
chicago blues,0.5880292397660819,0.5108456558061824,0.06642068922305765,0.5356608479532163,0.009645541250626567,0.21299804511278195,0.6958278195488722,0.4526775271512114,3.2538011695906435,0.5333751044277361,9,1,0,1.0,6,5
blues,0.5880292397660819,0.5108456558061824,0.06642068922305765,0.5356608479532163,0.009645541250626567,0.21299804511278195,0.6958278195488722,0.4526775271512114,3.2538011695906435,0.5333751044277361,9,1,0,1.0,6,5
traditional blues,0.5880292397660819,0.5108456558061824,0.06642068922305765,0.5356608479532164,0.009645541250626565,0.2129980451127819,0.6958278195488722,0.4526775271512114,3.2538011695906435,0.5333751044277361,9,1,0,1.0,6,5
garage rock,0.4319,0.8048,0.04696999999999999,0.08024970000000001,0.34975399999999995,0.2012,0.5231999999999999,0.451,4.1,0.5,2,1,0,1.0,7,5
punk blues,0.4319,0.8048,0.04696999999999999,0.08024970000000001,0.34975399999999995,0.2012,0.5231999999999999,0.451,4.1,0.5,2,1,0,1.0,7,5
acoustic blues,0.5609999999999999,0.4653500000000001,0.062034999999999986,0.611965,0.003020523,0.17493999999999998,0.7081,0.445,3.2,0.55,9,1,0,1.0,6,5
delta blues,0.5609999999999999,0.4653500000000001,0.062034999999999986,0.611965,0.003020523,0.17493999999999998,0.7081,0.445,3.2,0.55,9,1,0,1.0,6,5
harmonica blues,0.5609999999999999,0.4653500000000001,0.062034999999999986,0.611965,0.003020523,0.17493999999999998,0.7081,0.445,3.2,0.55,9,1,0,1.0,6,5
memphis blues,0.5609999999999999,0.4653500000000001,0.062034999999999986,0.611965,0.003020523,0.17493999999999998,0.7081,0.445,3.2,0.55,9,1,0,1.0,6,5
british blues,0.4232,0.644,0.0526,0.190282,0.23089401699999995,0.11461,0.55,0.443,2.6,0.5,0,1,0,1.0,7,5
classic girl group,0.5632,0.5924,0.04881,0.4499400000000001,0.0006847494999999999,0.26276,0.7017500000000001,0.42950000000000005,2.65,0.5,7,1,0,1.0,7,5
alternative country,0.531,0.4344736842105264,0.026963157894736845,0.4424105263157895,0.00019265263157894742,0.13577894736842105,0.4937894736842105,0.4173684210526316,4.2105263157894735,0.5263157894736842,10,1,0,1.0,6,5
rhythm and blues,0.6001442105263158,0.5789126315789475,0.05357084210526316,0.5430808421052632,0.01921470057894737,0.21173568421052633,0.7531052631578946,0.41116842105263157,2.758947368421053,0.5052631578947369,9,1,0,1.0,7,5
swing,0.6684,0.5368,0.06346,0.7335,4.302e-05,0.23503,0.7466000000000002,0.3170000000000001,3.1,0.5,9,0,0,1.0,4,5
